<?xml version="1.0" encoding="utf-8"?><feed xmlns="http://www.w3.org/2005/Atom" ><generator uri="https://jekyllrb.com/" version="3.5.2">Jekyll</generator><link href="http://localhost:4000/feed.xml" rel="self" type="application/atom+xml" /><link href="http://localhost:4000/" rel="alternate" type="text/html" /><updated>2017-10-18T13:57:47-05:00</updated><id>http://localhost:4000/</id><title type="html">The Art of Alcohol</title><subtitle>Beverages. Refined.</subtitle><entry><title type="html">MathJax Example</title><link href="http://localhost:4000/blog/mathjax-example/" rel="alternate" type="text/html" title="MathJax Example" /><published>2015-08-10T07:08:50-05:00</published><updated>2015-08-10T07:08:50-05:00</updated><id>http://localhost:4000/blog/mathjax-example</id><content type="html" xml:base="http://localhost:4000/blog/mathjax-example/">&lt;p&gt;&lt;a href=&quot;http://www.mathjax.org/&quot;&gt;MathJax&lt;/a&gt; is a simple way of including Tex/LaTex/MathML based mathematics in HTML webpages. To get up and running you need to include the MathJax script in the header of your github pages page, and then write some maths. For LaTex, there are two delimiters you need to know about, one for block or displayed mathematics &lt;code class=&quot;highlighter-rouge&quot;&gt;\[ ... \]&lt;/code&gt;, and the other for inline mathematics &lt;code class=&quot;highlighter-rouge&quot;&gt;\( ... \)&lt;/code&gt;.&lt;/p&gt;

&lt;h2 id=&quot;usage&quot;&gt;Usage&lt;/h2&gt;

&lt;p&gt;To enable MathJax support be sure Kramdown is your Markdown flavor of choice and MathJax is set to true in your &lt;code class=&quot;highlighter-rouge&quot;&gt;_config.yml&lt;/code&gt; file.&lt;/p&gt;

&lt;div class=&quot;language-yaml highlighter-rouge&quot;&gt;&lt;pre class=&quot;highlight&quot;&gt;&lt;code&gt;&lt;span class=&quot;s&quot;&gt;markdown&lt;/span&gt;&lt;span class=&quot;pi&quot;&gt;:&lt;/span&gt; &lt;span class=&quot;s&quot;&gt;kramdown&lt;/span&gt;
&lt;span class=&quot;s&quot;&gt;mathjax&lt;/span&gt;&lt;span class=&quot;pi&quot;&gt;:&lt;/span&gt; &lt;span class=&quot;s&quot;&gt;true&lt;/span&gt;
&lt;/code&gt;&lt;/pre&gt;
&lt;/div&gt;

&lt;div class=&quot;highlighter-rouge&quot;&gt;&lt;pre class=&quot;highlight&quot;&gt;&lt;code&gt;Here is an example MathJax inline rendering \\( 1/x^{2} \\), and here is a block rendering: 
\\[ \frac{1}{n^{2}} \\]
&lt;/code&gt;&lt;/pre&gt;
&lt;/div&gt;

&lt;p&gt;Here is an example MathJax inline rendering \( 1/x^{2} \), and here is a block rendering: 
\[ \frac{1}{n^{2}} \]&lt;/p&gt;

&lt;p&gt;The only thing to look out for is the escaping of the backslash when using markdown, so the delimiters become &lt;code class=&quot;highlighter-rouge&quot;&gt;\\[ ... \\]&lt;/code&gt; and &lt;code class=&quot;highlighter-rouge&quot;&gt;\\( ... \\)&lt;/code&gt; for inline and block maths respectively.&lt;/p&gt;</content><author><name></name></author><summary type="html">MathJax is a simple way of including Tex/LaTex/MathML based mathematics in HTML webpages. To get up and running you need to include the MathJax script in the header of your github pages page, and then write some maths. For LaTex, there are two delimiters you need to know about, one for block or displayed mathematics \[ ... \], and the other for inline mathematics \( ... \).</summary><media:thumbnail xmlns:media="http://search.yahoo.com/mrss/" url="http://localhost:4000/%7B%22feature%22=%3Enil%7D" /></entry><entry><title type="html">Hello World</title><link href="http://localhost:4000/blog/hello-world/" rel="alternate" type="text/html" title="Hello World" /><published>2014-08-08T14:39:55-05:00</published><updated>2014-08-08T14:39:55-05:00</updated><id>http://localhost:4000/blog/hello-world</id><content type="html" xml:base="http://localhost:4000/blog/hello-world/">&lt;p&gt;You’ll find this post in your &lt;code class=&quot;highlighter-rouge&quot;&gt;_posts&lt;/code&gt; directory - edit this post and re-build (or run with the &lt;code class=&quot;highlighter-rouge&quot;&gt;-w&lt;/code&gt; switch) to see your changes!
To add new posts, simply add a file in the &lt;code class=&quot;highlighter-rouge&quot;&gt;_posts&lt;/code&gt; directory that follows the convention: YYYY-MM-DD-name-of-post.ext.&lt;/p&gt;

&lt;h2 id=&quot;sample-heading&quot;&gt;Sample Heading&lt;/h2&gt;

&lt;h3 id=&quot;sample-heading-2&quot;&gt;Sample Heading 2&lt;/h3&gt;

&lt;p&gt;Jekyll also offers powerful support for code snippets:&lt;/p&gt;

&lt;div class=&quot;language-ruby highlighter-rouge&quot;&gt;&lt;pre class=&quot;highlight&quot;&gt;&lt;code&gt;&lt;span class=&quot;k&quot;&gt;def&lt;/span&gt; &lt;span class=&quot;nf&quot;&gt;print_hi&lt;/span&gt;&lt;span class=&quot;p&quot;&gt;(&lt;/span&gt;&lt;span class=&quot;nb&quot;&gt;name&lt;/span&gt;&lt;span class=&quot;p&quot;&gt;)&lt;/span&gt;
  &lt;span class=&quot;nb&quot;&gt;puts&lt;/span&gt; &lt;span class=&quot;s2&quot;&gt;&quot;Hi, &lt;/span&gt;&lt;span class=&quot;si&quot;&gt;#{&lt;/span&gt;&lt;span class=&quot;nb&quot;&gt;name&lt;/span&gt;&lt;span class=&quot;si&quot;&gt;}&lt;/span&gt;&lt;span class=&quot;s2&quot;&gt;&quot;&lt;/span&gt;
&lt;span class=&quot;k&quot;&gt;end&lt;/span&gt;
&lt;span class=&quot;n&quot;&gt;print_hi&lt;/span&gt;&lt;span class=&quot;p&quot;&gt;(&lt;/span&gt;&lt;span class=&quot;s1&quot;&gt;'Tom'&lt;/span&gt;&lt;span class=&quot;p&quot;&gt;)&lt;/span&gt;
&lt;span class=&quot;c1&quot;&gt;#=&amp;gt; prints 'Hi, Tom' to STDOUT.&lt;/span&gt;
&lt;/code&gt;&lt;/pre&gt;
&lt;/div&gt;

&lt;p&gt;Check out the &lt;a href=&quot;http://jekyllrb.com&quot;&gt;Jekyll docs&lt;/a&gt; for more info on how to get the most out of Jekyll. File all bugs/feature requests at &lt;a href=&quot;https://github.com/jekyll/jekyll&quot;&gt;Jekyll’s GitHub repo&lt;/a&gt;.&lt;/p&gt;</content><author><name></name></author><summary type="html">You’ll find this post in your _posts directory - edit this post and re-build (or run with the -w switch) to see your changes! To add new posts, simply add a file in the _posts directory that follows the convention: YYYY-MM-DD-name-of-post.ext.</summary><media:thumbnail xmlns:media="http://search.yahoo.com/mrss/" url="http://localhost:4000/%7B%22feature%22=%3Enil%7D" /></entry><entry><title type="html">Override Author Byline Test Post</title><link href="http://localhost:4000/articles/author-override/" rel="alternate" type="text/html" title="Override Author Byline Test Post" /><published>2014-06-19T00:00:00-05:00</published><updated>2014-06-19T00:00:00-05:00</updated><id>http://localhost:4000/articles/author-override</id><content type="html" xml:base="http://localhost:4000/articles/author-override/">&lt;p&gt;For those of you who may have content written by multiple authors on your site you can now assign different authors to each post if desired.&lt;/p&gt;

&lt;p&gt;Previously the theme used a global author for the entire site and those attributes would be used in all bylines, social networking links, Twitter Card attribution, and Google Authorship. These &lt;code class=&quot;highlighter-rouge&quot;&gt;owner&lt;/code&gt; variables were defined in &lt;code class=&quot;highlighter-rouge&quot;&gt;config.yml&lt;/code&gt;&lt;/p&gt;

&lt;p&gt;Start by modifying or creating a new &lt;code class=&quot;highlighter-rouge&quot;&gt;authors.yml&lt;/code&gt; file in the &lt;code class=&quot;highlighter-rouge&quot;&gt;_data&lt;/code&gt; folder and add your authors using the following format.&lt;/p&gt;

&lt;div class=&quot;language-yaml highlighter-rouge&quot;&gt;&lt;pre class=&quot;highlight&quot;&gt;&lt;code&gt;&lt;span class=&quot;c1&quot;&gt;# Authors&lt;/span&gt;

&lt;span class=&quot;s&quot;&gt;billy_rick&lt;/span&gt;&lt;span class=&quot;pi&quot;&gt;:&lt;/span&gt;
  &lt;span class=&quot;s&quot;&gt;name&lt;/span&gt;&lt;span class=&quot;pi&quot;&gt;:&lt;/span&gt; &lt;span class=&quot;s&quot;&gt;Billy Rick&lt;/span&gt;
  &lt;span class=&quot;s&quot;&gt;web&lt;/span&gt;&lt;span class=&quot;pi&quot;&gt;:&lt;/span&gt; &lt;span class=&quot;s&quot;&gt;http://thewhip.com&lt;/span&gt;
  &lt;span class=&quot;s&quot;&gt;email&lt;/span&gt;&lt;span class=&quot;pi&quot;&gt;:&lt;/span&gt; &lt;span class=&quot;s&quot;&gt;billy@rick.com&lt;/span&gt;
  &lt;span class=&quot;s&quot;&gt;bio&lt;/span&gt;&lt;span class=&quot;pi&quot;&gt;:&lt;/span&gt; &lt;span class=&quot;s2&quot;&gt;&quot;&lt;/span&gt;&lt;span class=&quot;s&quot;&gt;What&lt;/span&gt;&lt;span class=&quot;nv&quot;&gt; &lt;/span&gt;&lt;span class=&quot;s&quot;&gt;do&lt;/span&gt;&lt;span class=&quot;nv&quot;&gt; &lt;/span&gt;&lt;span class=&quot;s&quot;&gt;you&lt;/span&gt;&lt;span class=&quot;nv&quot;&gt; &lt;/span&gt;&lt;span class=&quot;s&quot;&gt;want,&lt;/span&gt;&lt;span class=&quot;nv&quot;&gt; &lt;/span&gt;&lt;span class=&quot;s&quot;&gt;jewels?&lt;/span&gt;&lt;span class=&quot;nv&quot;&gt; &lt;/span&gt;&lt;span class=&quot;s&quot;&gt;I&lt;/span&gt;&lt;span class=&quot;nv&quot;&gt; &lt;/span&gt;&lt;span class=&quot;s&quot;&gt;am&lt;/span&gt;&lt;span class=&quot;nv&quot;&gt; &lt;/span&gt;&lt;span class=&quot;s&quot;&gt;a&lt;/span&gt;&lt;span class=&quot;nv&quot;&gt; &lt;/span&gt;&lt;span class=&quot;s&quot;&gt;very&lt;/span&gt;&lt;span class=&quot;nv&quot;&gt; &lt;/span&gt;&lt;span class=&quot;s&quot;&gt;extravagant&lt;/span&gt;&lt;span class=&quot;nv&quot;&gt; &lt;/span&gt;&lt;span class=&quot;s&quot;&gt;man.&quot;&lt;/span&gt;
  &lt;span class=&quot;s&quot;&gt;avatar&lt;/span&gt;&lt;span class=&quot;pi&quot;&gt;:&lt;/span&gt; &lt;span class=&quot;s&quot;&gt;bio-photo-2.jpg&lt;/span&gt;
  &lt;span class=&quot;s&quot;&gt;twitter&lt;/span&gt;&lt;span class=&quot;pi&quot;&gt;:&lt;/span&gt; &lt;span class=&quot;s&quot;&gt;extravagantman&lt;/span&gt;
  &lt;span class=&quot;s&quot;&gt;google&lt;/span&gt;&lt;span class=&quot;pi&quot;&gt;:&lt;/span&gt;
    &lt;span class=&quot;s&quot;&gt;plus&lt;/span&gt;&lt;span class=&quot;pi&quot;&gt;:&lt;/span&gt; &lt;span class=&quot;s&quot;&gt;BillyRick&lt;/span&gt;

&lt;span class=&quot;s&quot;&gt;cornelius_fiddlebone&lt;/span&gt;&lt;span class=&quot;pi&quot;&gt;:&lt;/span&gt;
  &lt;span class=&quot;s&quot;&gt;name&lt;/span&gt;&lt;span class=&quot;pi&quot;&gt;:&lt;/span&gt; &lt;span class=&quot;s&quot;&gt;Cornelius Fiddlebone&lt;/span&gt;
  &lt;span class=&quot;s&quot;&gt;email&lt;/span&gt;&lt;span class=&quot;pi&quot;&gt;:&lt;/span&gt; &lt;span class=&quot;s&quot;&gt;cornelius@thewhip.com&lt;/span&gt;
  &lt;span class=&quot;s&quot;&gt;bio&lt;/span&gt;&lt;span class=&quot;pi&quot;&gt;:&lt;/span&gt; &lt;span class=&quot;s2&quot;&gt;&quot;&lt;/span&gt;&lt;span class=&quot;s&quot;&gt;I&lt;/span&gt;&lt;span class=&quot;nv&quot;&gt; &lt;/span&gt;&lt;span class=&quot;s&quot;&gt;ordered&lt;/span&gt;&lt;span class=&quot;nv&quot;&gt; &lt;/span&gt;&lt;span class=&quot;s&quot;&gt;what?&quot;&lt;/span&gt;
  &lt;span class=&quot;s&quot;&gt;avatar&lt;/span&gt;&lt;span class=&quot;pi&quot;&gt;:&lt;/span&gt; &lt;span class=&quot;s&quot;&gt;bio-photo.jpg&lt;/span&gt;
  &lt;span class=&quot;s&quot;&gt;twitter&lt;/span&gt;&lt;span class=&quot;pi&quot;&gt;:&lt;/span&gt; &lt;span class=&quot;s&quot;&gt;rhymeswithsackit&lt;/span&gt;
  &lt;span class=&quot;s&quot;&gt;google&lt;/span&gt;&lt;span class=&quot;pi&quot;&gt;:&lt;/span&gt;
    &lt;span class=&quot;s&quot;&gt;plus&lt;/span&gt;&lt;span class=&quot;pi&quot;&gt;:&lt;/span&gt; &lt;span class=&quot;s&quot;&gt;CorneliusFiddlebone&lt;/span&gt;
&lt;/code&gt;&lt;/pre&gt;
&lt;/div&gt;

&lt;p&gt;To assign Billy Rick as an author for our post. You’d add the following YAML front matter to a post:&lt;/p&gt;

&lt;div class=&quot;language-yaml highlighter-rouge&quot;&gt;&lt;pre class=&quot;highlight&quot;&gt;&lt;code&gt;&lt;span class=&quot;s&quot;&gt;author&lt;/span&gt;&lt;span class=&quot;pi&quot;&gt;:&lt;/span&gt; &lt;span class=&quot;s&quot;&gt;billy_rick&lt;/span&gt;
&lt;/code&gt;&lt;/pre&gt;
&lt;/div&gt;</content><author><name>Billy Rick</name><email>billy@rick.com</email></author><category term="sample-post" /><category term="readability" /><category term="test" /><summary type="html">An article to test overriding the default site author.</summary></entry><entry><title type="html">Sample Link Post</title><link href="http://localhost:4000/articles/sample-link-post/" rel="alternate" type="text/html" title="Sample Link Post" /><published>2013-08-12T00:00:00-05:00</published><updated>2013-08-12T00:00:00-05:00</updated><id>http://localhost:4000/articles/sample-link-post</id><content type="html" xml:base="http://localhost:4000/articles/sample-link-post/">&lt;p&gt;So Simple Theme now supports &lt;strong&gt;link posts&lt;/strong&gt;, made famous by John Gruber. To activate just add &lt;code class=&quot;highlighter-rouge&quot;&gt;link: http://url-you-want-linked&lt;/code&gt; to the post’s YAML front matter and you’re done.&lt;/p&gt;</content><author><name></name></author><category term="sample-post" /><category term="link-post" /><summary type="html">Example and code for using link posts.</summary></entry><entry><title type="html">A Post with a Video</title><link href="http://localhost:4000/articles/video-post/" rel="alternate" type="text/html" title="A Post with a Video" /><published>2013-06-25T00:00:00-05:00</published><updated>2013-06-25T00:00:00-05:00</updated><id>http://localhost:4000/articles/video-post</id><content type="html" xml:base="http://localhost:4000/articles/video-post/">&lt;iframe width=&quot;560&quot; height=&quot;315&quot; src=&quot;//www.youtube.com/embed/pdSp4Y4GOQs&quot; frameborder=&quot;0&quot;&gt; &lt;/iframe&gt;

&lt;p&gt;Video embeds are responsive and scale with the width of the main content block with the help of &lt;a href=&quot;http://fitvidsjs.com/&quot;&gt;FitVids&lt;/a&gt;.&lt;/p&gt;

&lt;div class=&quot;language-html highlighter-rouge&quot;&gt;&lt;pre class=&quot;highlight&quot;&gt;&lt;code&gt;&lt;span class=&quot;nt&quot;&gt;&amp;lt;iframe&lt;/span&gt; &lt;span class=&quot;na&quot;&gt;width=&lt;/span&gt;&lt;span class=&quot;s&quot;&gt;&quot;560&quot;&lt;/span&gt; &lt;span class=&quot;na&quot;&gt;height=&lt;/span&gt;&lt;span class=&quot;s&quot;&gt;&quot;315&quot;&lt;/span&gt; &lt;span class=&quot;na&quot;&gt;src=&lt;/span&gt;&lt;span class=&quot;s&quot;&gt;&quot;http://www.youtube.com/embed/PWf4WUoMXwg&quot;&lt;/span&gt; &lt;span class=&quot;na&quot;&gt;frameborder=&lt;/span&gt;&lt;span class=&quot;s&quot;&gt;&quot;0&quot;&lt;/span&gt;&lt;span class=&quot;nt&quot;&gt;&amp;gt;&lt;/span&gt; &lt;span class=&quot;nt&quot;&gt;&amp;lt;/iframe&amp;gt;&lt;/span&gt;
&lt;/code&gt;&lt;/pre&gt;
&lt;/div&gt;

&lt;p&gt;And here’s a Vimeo embed for testing purposes.&lt;/p&gt;

&lt;iframe src=&quot;//player.vimeo.com/video/98146708?title=0&amp;amp;byline=0&quot; width=&quot;500&quot; height=&quot;281&quot; frameborder=&quot;0&quot;&gt; &lt;/iframe&gt;</content><author><name></name></author><category term="sample-post" /><category term="video" /><summary type="html">Custom written post descriptions are the way to go... if you're not lazy.</summary></entry><entry><title type="html">Post with Large Feature Image and Text</title><link href="http://localhost:4000/articles/readability-feature-post/" rel="alternate" type="text/html" title="Post with Large Feature Image and Text" /><published>2013-05-23T00:00:00-05:00</published><updated>2013-05-23T00:00:00-05:00</updated><id>http://localhost:4000/articles/readability-feature-post</id><content type="html" xml:base="http://localhost:4000/articles/readability-feature-post/">&lt;p&gt;This is a sample post with a large feature image up top and tons of text. Odio ad blue bottle vinyl, 90’s narwhal commodo bitters pour-over nostrud. Ugh est hashtag in, fingerstache adipisicing laboris esse Pinterest shabby chic Portland. Shoreditch bicycle rights anim, flexitarian laboris put a bird on it vinyl cupidatat narwhal. Hashtag artisan skateboard, flannel Bushwick nesciunt salvia aute fixie do plaid post-ironic dolor McSweeney’s. Cliche pour-over chambray nulla four loko skateboard sapiente hashtag.&lt;/p&gt;

&lt;p&gt;Vero laborum commodo occupy. Semiotics voluptate mumblecore pug. Cosby sweater ullamco quinoa ennui assumenda, sapiente occupy delectus lo-fi. Ea fashion axe Marfa cillum aliquip. Retro Bushwick keytar cliche. Before they sold out sustainable gastropub Marfa readymade, ethical Williamsburg skateboard brunch qui consectetur gentrify semiotics. Mustache cillum irony, fingerstache magna pour-over keffiyeh tousled selfies.&lt;/p&gt;

&lt;h2 id=&quot;cupidatat-90s-lo-fi-authentic-try-hard&quot;&gt;Cupidatat 90’s lo-fi authentic try-hard&lt;/h2&gt;

&lt;p&gt;In pug Portland incididunt mlkshk put a bird on it vinyl quinoa. Terry Richardson shabby chic +1, scenester Tonx excepteur tempor fugiat voluptate fingerstache aliquip nisi next level. Farm-to-table hashtag Truffaut, Odd Future ex meggings gentrify single-origin coffee try-hard 90’s.&lt;/p&gt;

&lt;ul&gt;
  &lt;li&gt;Sartorial hoodie&lt;/li&gt;
  &lt;li&gt;Labore viral forage&lt;/li&gt;
  &lt;li&gt;Tote bag selvage&lt;/li&gt;
  &lt;li&gt;DIY exercitation et id ugh tumblr church-key&lt;/li&gt;
&lt;/ul&gt;

&lt;p&gt;Incididunt umami sriracha, ethical fugiat VHS ex assumenda yr irure direct trade. Marfa Truffaut bicycle rights, kitsch placeat Etsy kogi asymmetrical. Beard locavore flexitarian, kitsch photo booth hoodie plaid ethical readymade leggings yr.&lt;/p&gt;

&lt;p&gt;Aesthetic odio dolore, meggings disrupt qui readymade stumptown brunch Terry Richardson pour-over gluten-free. Banksy american apparel in selfies, biodiesel flexitarian organic meh wolf quinoa gentrify banjo kogi. Readymade tofu ex, scenester dolor umami fingerstache occaecat fashion axe Carles jean shorts minim. Keffiyeh fashion axe nisi Godard mlkshk dolore. Lomo you probably haven’t heard of them eu non, Odd Future Truffaut pug keytar meggings McSweeney’s Pinterest cred. Etsy literally aute esse, eu bicycle rights qui meggings fanny pack. Gentrify leggings pug flannel duis.&lt;/p&gt;

&lt;h2 id=&quot;forage-occaecat-cardigan-qui&quot;&gt;Forage occaecat cardigan qui&lt;/h2&gt;

&lt;p&gt;Fashion axe hella gastropub lo-fi kogi 90’s aliquip +1 veniam delectus tousled. Cred sriracha locavore gastropub kale chips, iPhone mollit sartorial. Anim dolore 8-bit, pork belly dolor photo booth aute flannel small batch. Dolor disrupt ennui, tattooed whatever salvia Banksy sartorial roof party selfies raw denim sint meh pour-over. Ennui eu cardigan sint, gentrify iPhone cornhole.&lt;/p&gt;

&lt;blockquote&gt;
  &lt;p&gt;Whatever velit occaecat quis deserunt gastropub, leggings elit tousled roof party 3 wolf moon kogi pug blue bottle ea. Fashion axe shabby chic Austin quinoa pickled laborum bitters next level, disrupt deep v accusamus non fingerstache.&lt;/p&gt;
&lt;/blockquote&gt;

&lt;p&gt;Tote bag asymmetrical elit sunt. Occaecat authentic Marfa, hella McSweeney’s next level irure veniam master cleanse. Sed hoodie letterpress artisan wolf leggings, 3 wolf moon commodo ullamco. Anim occupy ea labore Terry Richardson. Tofu ex master cleanse in whatever pitchfork banh mi, occupy fugiat fanny pack Austin authentic. Magna fugiat 3 wolf moon, labore McSweeney’s sustainable vero consectetur. Gluten-free disrupt enim, aesthetic fugiat jean shorts trust fund keffiyeh magna try-hard.&lt;/p&gt;

&lt;h2 id=&quot;hoodie-duis&quot;&gt;Hoodie Duis&lt;/h2&gt;

&lt;p&gt;Actually salvia consectetur, hoodie duis lomo YOLO sunt sriracha. Aute pop-up brunch farm-to-table odio, salvia irure occaecat. Sriracha small batch literally skateboard. Echo Park nihil hoodie, aliquip forage artisan laboris. Trust fund reprehenderit nulla locavore. Stumptown raw denim kitsch, keffiyeh nulla twee dreamcatcher fanny pack ullamco 90’s pop-up est culpa farm-to-table. Selfies 8-bit do pug odio.&lt;/p&gt;

&lt;h3 id=&quot;thundercats-ho&quot;&gt;Thundercats Ho!&lt;/h3&gt;

&lt;p&gt;Fingerstache thundercats Williamsburg, deep v scenester Banksy ennui vinyl selfies mollit biodiesel duis odio pop-up. Banksy 3 wolf moon try-hard, sapiente enim stumptown deep v ad letterpress. Squid beard brunch, exercitation raw denim yr sint direct trade. Raw denim narwhal id, flannel DIY McSweeney’s seitan. Letterpress artisan bespoke accusamus, meggings laboris consequat Truffaut qui in seitan. Sustainable cornhole Schlitz, twee Cosby sweater banh mi deep v forage letterpress flannel whatever keffiyeh. Sartorial cred irure, semiotics ethical sed blue bottle nihil letterpress.&lt;/p&gt;

&lt;p&gt;Occupy et selvage squid, pug brunch blog nesciunt hashtag mumblecore skateboard yr kogi. Ugh small batch swag four loko. Fap post-ironic qui tote bag farm-to-table american apparel scenester keffiyeh vero, swag non pour-over gentrify authentic pitchfork. Schlitz scenester lo-fi voluptate, tote bag irony bicycle rights pariatur vero Vice freegan wayfarers exercitation nisi shoreditch. Chambray tofu vero sed. Street art swag literally leggings, Cosby sweater mixtape PBR lomo Banksy non in pitchfork ennui McSweeney’s selfies. Odd Future Banksy non authentic.&lt;/p&gt;

&lt;p&gt;Aliquip enim artisan dolor post-ironic. Pug tote bag Marfa, deserunt pour-over Portland wolf eu odio intelligentsia american apparel ugh ea. Sunt viral et, 3 wolf moon gastropub pug id. Id fashion axe est typewriter, mlkshk Portland art party aute brunch. Sint pork belly Cosby sweater, deep v mumblecore kitsch american apparel. Try-hard direct trade tumblr sint skateboard. Adipisicing bitters excepteur biodiesel, pickled gastropub aute veniam.&lt;/p&gt;</content><author><name></name></author><category term="sample-post" /><category term="readability" /><summary type="html">Custom written post descriptions are the way to go... if you're not lazy.</summary></entry><entry><title type="html">A Post with Images</title><link href="http://localhost:4000/articles/sample-post-images/" rel="alternate" type="text/html" title="A Post with Images" /><published>2013-05-22T00:00:00-05:00</published><updated>2013-05-22T00:00:00-05:00</updated><id>http://localhost:4000/articles/sample-post-images</id><content type="html" xml:base="http://localhost:4000/articles/sample-post-images/">&lt;p&gt;Here are some examples of what a post with images might look like. If you want to display two or three images next to each other responsively use &lt;code class=&quot;highlighter-rouge&quot;&gt;figure&lt;/code&gt; with the appropriate &lt;code class=&quot;highlighter-rouge&quot;&gt;class&lt;/code&gt;. Each instance of &lt;code class=&quot;highlighter-rouge&quot;&gt;figure&lt;/code&gt; is auto-numbered and displayed in the caption.&lt;/p&gt;

&lt;h2 id=&quot;figures-for-images-or-video&quot;&gt;Figures (for images or video)&lt;/h2&gt;

&lt;h3 id=&quot;one-up&quot;&gt;One Up&lt;/h3&gt;

&lt;figure&gt;
	&lt;a href=&quot;http://farm9.staticflickr.com/8426/7758832526_cc8f681e48_b.jpg&quot;&gt;&lt;img src=&quot;http://farm9.staticflickr.com/8426/7758832526_cc8f681e48_c.jpg&quot; alt=&quot;image&quot; /&gt;&lt;/a&gt;
	&lt;figcaption&gt;&lt;a href=&quot;http://www.flickr.com/photos/80901381@N04/7758832526/&quot; title=&quot;Morning Fog Emerging From Trees by A Guy Taking Pictures, on Flickr&quot;&gt;Morning Fog Emerging From Trees by A Guy Taking Pictures, on Flickr&lt;/a&gt;.&lt;/figcaption&gt;
&lt;/figure&gt;

&lt;h3 id=&quot;two-up&quot;&gt;Two Up&lt;/h3&gt;

&lt;p&gt;Apply the &lt;code class=&quot;highlighter-rouge&quot;&gt;half&lt;/code&gt; class like so to display two images side by side that share the same caption.&lt;/p&gt;

&lt;div class=&quot;language-html highlighter-rouge&quot;&gt;&lt;pre class=&quot;highlight&quot;&gt;&lt;code&gt;&lt;span class=&quot;nt&quot;&gt;&amp;lt;figure&lt;/span&gt; &lt;span class=&quot;na&quot;&gt;class=&lt;/span&gt;&lt;span class=&quot;s&quot;&gt;&quot;half&quot;&lt;/span&gt;&lt;span class=&quot;nt&quot;&gt;&amp;gt;&lt;/span&gt;
	&lt;span class=&quot;nt&quot;&gt;&amp;lt;img&lt;/span&gt; &lt;span class=&quot;na&quot;&gt;src=&lt;/span&gt;&lt;span class=&quot;s&quot;&gt;&quot;/images/image-filename-1.jpg&quot;&lt;/span&gt; &lt;span class=&quot;na&quot;&gt;alt=&lt;/span&gt;&lt;span class=&quot;s&quot;&gt;&quot;image&quot;&lt;/span&gt;&lt;span class=&quot;nt&quot;&gt;&amp;gt;&lt;/span&gt;
	&lt;span class=&quot;nt&quot;&gt;&amp;lt;img&lt;/span&gt; &lt;span class=&quot;na&quot;&gt;src=&lt;/span&gt;&lt;span class=&quot;s&quot;&gt;&quot;/images/image-filename-2.jpg&quot;&lt;/span&gt; &lt;span class=&quot;na&quot;&gt;alt=&lt;/span&gt;&lt;span class=&quot;s&quot;&gt;&quot;image&quot;&lt;/span&gt;&lt;span class=&quot;nt&quot;&gt;&amp;gt;&lt;/span&gt;
	&lt;span class=&quot;nt&quot;&gt;&amp;lt;figcaption&amp;gt;&lt;/span&gt;Caption describing these two images.&lt;span class=&quot;nt&quot;&gt;&amp;lt;/figcaption&amp;gt;&lt;/span&gt;
&lt;span class=&quot;nt&quot;&gt;&amp;lt;/figure&amp;gt;&lt;/span&gt;
&lt;/code&gt;&lt;/pre&gt;
&lt;/div&gt;

&lt;p&gt;And you’ll get something that looks like this:&lt;/p&gt;

&lt;figure class=&quot;half&quot;&gt;
	&lt;a href=&quot;http://placehold.it/1200x600.jpg&quot;&gt;&lt;img src=&quot;http://placehold.it/600x300.jpg&quot; alt=&quot;image&quot; /&gt;&lt;/a&gt;
	&lt;a href=&quot;http://placehold.it/1200x600.jpg&quot;&gt;&lt;img src=&quot;http://placehold.it/600x300.jpg&quot; alt=&quot;image&quot; /&gt;&lt;/a&gt;
	&lt;img src=&quot;http://placehold.it/600x300.jpg&quot; alt=&quot;image&quot; /&gt;
	&lt;img src=&quot;http://placehold.it/600x300.jpg&quot; alt=&quot;image&quot; /&gt;
	&lt;figcaption&gt;Two images.&lt;/figcaption&gt;
&lt;/figure&gt;

&lt;h3 id=&quot;three-up&quot;&gt;Three Up&lt;/h3&gt;

&lt;p&gt;Apply the &lt;code class=&quot;highlighter-rouge&quot;&gt;third&lt;/code&gt; class like so to display three images side by side that share the same caption.&lt;/p&gt;

&lt;div class=&quot;language-html highlighter-rouge&quot;&gt;&lt;pre class=&quot;highlight&quot;&gt;&lt;code&gt;&lt;span class=&quot;nt&quot;&gt;&amp;lt;figure&lt;/span&gt; &lt;span class=&quot;na&quot;&gt;class=&lt;/span&gt;&lt;span class=&quot;s&quot;&gt;&quot;third&quot;&lt;/span&gt;&lt;span class=&quot;nt&quot;&gt;&amp;gt;&lt;/span&gt;
	&lt;span class=&quot;nt&quot;&gt;&amp;lt;a&lt;/span&gt; &lt;span class=&quot;na&quot;&gt;href=&lt;/span&gt;&lt;span class=&quot;s&quot;&gt;&quot;http://placehold.it/1200x600.jpg&quot;&lt;/span&gt;&lt;span class=&quot;nt&quot;&gt;&amp;gt;&amp;lt;img&lt;/span&gt; &lt;span class=&quot;na&quot;&gt;src=&lt;/span&gt;&lt;span class=&quot;s&quot;&gt;&quot;http://placehold.it/600x300.jpg&quot;&lt;/span&gt; &lt;span class=&quot;na&quot;&gt;alt=&lt;/span&gt;&lt;span class=&quot;s&quot;&gt;&quot;image&quot;&lt;/span&gt;&lt;span class=&quot;nt&quot;&gt;&amp;gt;&amp;lt;/a&amp;gt;&lt;/span&gt;
	&lt;span class=&quot;nt&quot;&gt;&amp;lt;a&lt;/span&gt; &lt;span class=&quot;na&quot;&gt;href=&lt;/span&gt;&lt;span class=&quot;s&quot;&gt;&quot;http://placehold.it/1200x600.jpg&quot;&lt;/span&gt;&lt;span class=&quot;nt&quot;&gt;&amp;gt;&amp;lt;img&lt;/span&gt; &lt;span class=&quot;na&quot;&gt;src=&lt;/span&gt;&lt;span class=&quot;s&quot;&gt;&quot;http://placehold.it/600x300.jpg&quot;&lt;/span&gt; &lt;span class=&quot;na&quot;&gt;alt=&lt;/span&gt;&lt;span class=&quot;s&quot;&gt;&quot;image&quot;&lt;/span&gt;&lt;span class=&quot;nt&quot;&gt;&amp;gt;&amp;lt;/a&amp;gt;&lt;/span&gt;
	&lt;span class=&quot;nt&quot;&gt;&amp;lt;a&lt;/span&gt; &lt;span class=&quot;na&quot;&gt;href=&lt;/span&gt;&lt;span class=&quot;s&quot;&gt;&quot;http://placehold.it/1200x600.jpg&quot;&lt;/span&gt;&lt;span class=&quot;nt&quot;&gt;&amp;gt;&amp;lt;img&lt;/span&gt; &lt;span class=&quot;na&quot;&gt;src=&lt;/span&gt;&lt;span class=&quot;s&quot;&gt;&quot;http://placehold.it/600x300.jpg&quot;&lt;/span&gt; &lt;span class=&quot;na&quot;&gt;alt=&lt;/span&gt;&lt;span class=&quot;s&quot;&gt;&quot;image&quot;&lt;/span&gt;&lt;span class=&quot;nt&quot;&gt;&amp;gt;&amp;lt;/a&amp;gt;&lt;/span&gt;
	&lt;span class=&quot;nt&quot;&gt;&amp;lt;figcaption&amp;gt;&lt;/span&gt;Caption describing these three images.&lt;span class=&quot;nt&quot;&gt;&amp;lt;/figcaption&amp;gt;&lt;/span&gt;
&lt;span class=&quot;nt&quot;&gt;&amp;lt;/figure&amp;gt;&lt;/span&gt;
&lt;/code&gt;&lt;/pre&gt;
&lt;/div&gt;

&lt;p&gt;And you’ll get something that looks like this:&lt;/p&gt;

&lt;figure class=&quot;third&quot;&gt;
	&lt;a href=&quot;http://placehold.it/1200x600.jpg&quot;&gt;&lt;img src=&quot;http://placehold.it/600x300.jpg&quot; alt=&quot;image&quot; /&gt;&lt;/a&gt;
	&lt;a href=&quot;http://placehold.it/1200x600.jpg&quot;&gt;&lt;img src=&quot;http://placehold.it/600x300.jpg&quot; alt=&quot;image&quot; /&gt;&lt;/a&gt;
	&lt;a href=&quot;http://placehold.it/1200x600.jpg&quot;&gt;&lt;img src=&quot;http://placehold.it/600x300.jpg&quot; alt=&quot;image&quot; /&gt;&lt;/a&gt;
	&lt;a href=&quot;http://placehold.it/1200x600.jpg&quot;&gt;&lt;img src=&quot;http://placehold.it/600x300.jpg&quot; alt=&quot;image&quot; /&gt;&lt;/a&gt;
	&lt;a href=&quot;http://placehold.it/1200x600.jpg&quot;&gt;&lt;img src=&quot;http://placehold.it/600x300.jpg&quot; alt=&quot;image&quot; /&gt;&lt;/a&gt;
	&lt;a href=&quot;http://placehold.it/1200x600.jpg&quot;&gt;&lt;img src=&quot;http://placehold.it/600x300.jpg&quot; alt=&quot;image&quot; /&gt;&lt;/a&gt;
	&lt;figcaption&gt;Three images.&lt;/figcaption&gt;
&lt;/figure&gt;</content><author><name></name></author><category term="sample-post" /><category term="images" /><category term="test" /><summary type="html">Examples and code for displaying images in posts.</summary></entry><entry><title type="html">Testing Readability with a Bunch of Text</title><link href="http://localhost:4000/articles/readability-post/" rel="alternate" type="text/html" title="Testing Readability with a Bunch of Text" /><published>2012-05-22T00:00:00-05:00</published><updated>2012-05-22T00:00:00-05:00</updated><id>http://localhost:4000/articles/readability-post</id><content type="html" xml:base="http://localhost:4000/articles/readability-post/">&lt;p&gt;Portland in shoreditch Vice, labore typewriter pariatur hoodie fap sartorial Austin. Pinterest literally occupy Schlitz forage. Odio ad blue bottle vinyl, 90’s narwhal commodo bitters pour-over nostrud. Ugh est hashtag in, fingerstache adipisicing laboris esse Pinterest shabby chic Portland. Shoreditch bicycle rights anim, flexitarian laboris put a bird on it vinyl cupidatat narwhal. Hashtag artisan skateboard, flannel Bushwick nesciunt salvia aute fixie do plaid post-ironic dolor McSweeney’s. Cliche pour-over chambray nulla four loko skateboard sapiente hashtag.&lt;/p&gt;

&lt;p&gt;Vero laborum commodo occupy. Semiotics voluptate mumblecore pug. Cosby sweater ullamco quinoa ennui assumenda, sapiente occupy delectus lo-fi. Ea fashion axe Marfa cillum aliquip. Retro Bushwick keytar cliche. Before they sold out sustainable gastropub Marfa readymade, ethical Williamsburg skateboard brunch qui consectetur gentrify semiotics. Mustache cillum irony, fingerstache magna pour-over keffiyeh tousled selfies.&lt;/p&gt;

&lt;h2 id=&quot;cupidatat-90s-lo-fi-authentic-try-hard&quot;&gt;Cupidatat 90’s lo-fi authentic try-hard&lt;/h2&gt;

&lt;p&gt;In pug Portland incididunt mlkshk put a bird on it vinyl quinoa. Terry Richardson shabby chic +1, scenester Tonx excepteur tempor fugiat voluptate fingerstache aliquip nisi next level. Farm-to-table hashtag Truffaut, Odd Future ex meggings gentrify single-origin coffee try-hard 90’s.&lt;/p&gt;

&lt;ul&gt;
  &lt;li&gt;Sartorial hoodie&lt;/li&gt;
  &lt;li&gt;Labore viral forage&lt;/li&gt;
  &lt;li&gt;Tote bag selvage&lt;/li&gt;
  &lt;li&gt;DIY exercitation et id ugh tumblr church-key&lt;/li&gt;
&lt;/ul&gt;

&lt;p&gt;Incididunt umami sriracha, ethical fugiat VHS ex assumenda yr irure direct trade. Marfa Truffaut bicycle rights, kitsch placeat Etsy kogi asymmetrical. Beard locavore flexitarian, kitsch photo booth hoodie plaid ethical readymade leggings yr.&lt;/p&gt;

&lt;p&gt;Aesthetic odio dolore, meggings disrupt qui readymade stumptown brunch Terry Richardson pour-over gluten-free. Banksy american apparel in selfies, biodiesel flexitarian organic meh wolf quinoa gentrify banjo kogi. Readymade tofu ex, scenester dolor umami fingerstache occaecat fashion axe Carles jean shorts minim. Keffiyeh fashion axe nisi Godard mlkshk dolore. Lomo you probably haven’t heard of them eu non, Odd Future Truffaut pug keytar meggings McSweeney’s Pinterest cred. Etsy literally aute esse, eu bicycle rights qui meggings fanny pack. Gentrify leggings pug flannel duis.&lt;/p&gt;

&lt;h2 id=&quot;forage-occaecat-cardigan-qui&quot;&gt;Forage occaecat cardigan qui&lt;/h2&gt;

&lt;p&gt;Fashion axe hella gastropub lo-fi kogi 90’s aliquip +1 veniam delectus tousled. Cred sriracha locavore gastropub kale chips, iPhone mollit sartorial. Anim dolore 8-bit, pork belly dolor photo booth aute flannel small batch. Dolor disrupt ennui, tattooed whatever salvia Banksy sartorial roof party selfies raw denim sint meh pour-over. Ennui eu cardigan sint, gentrify iPhone cornhole.&lt;/p&gt;

&lt;blockquote&gt;
  &lt;p&gt;Whatever velit occaecat quis deserunt gastropub, leggings elit tousled roof party 3 wolf moon kogi pug blue bottle ea. Fashion axe shabby chic Austin quinoa pickled laborum bitters next level, disrupt deep v accusamus non fingerstache.&lt;/p&gt;
&lt;/blockquote&gt;

&lt;p&gt;Tote bag asymmetrical elit sunt. Occaecat authentic Marfa, hella McSweeney’s next level irure veniam master cleanse. Sed hoodie letterpress artisan wolf leggings, 3 wolf moon commodo ullamco. Anim occupy ea labore Terry Richardson. Tofu ex master cleanse in whatever pitchfork banh mi, occupy fugiat fanny pack Austin authentic. Magna fugiat 3 wolf moon, labore McSweeney’s sustainable vero consectetur. Gluten-free disrupt enim, aesthetic fugiat jean shorts trust fund keffiyeh magna try-hard.&lt;/p&gt;

&lt;h2 id=&quot;hoodie-duis&quot;&gt;Hoodie Duis&lt;/h2&gt;

&lt;p&gt;Actually salvia consectetur, hoodie duis lomo YOLO sunt sriracha. Aute pop-up brunch farm-to-table odio, salvia irure occaecat. Sriracha small batch literally skateboard. Echo Park nihil hoodie, aliquip forage artisan laboris. Trust fund reprehenderit nulla locavore. Stumptown raw denim kitsch, keffiyeh nulla twee dreamcatcher fanny pack ullamco 90’s pop-up est culpa farm-to-table. Selfies 8-bit do pug odio.&lt;/p&gt;

&lt;h3 id=&quot;thundercats-ho&quot;&gt;Thundercats Ho!&lt;/h3&gt;

&lt;p&gt;Fingerstache thundercats Williamsburg, deep v scenester Banksy ennui vinyl selfies mollit biodiesel duis odio pop-up. Banksy 3 wolf moon try-hard, sapiente enim stumptown deep v ad letterpress. Squid beard brunch, exercitation raw denim yr sint direct trade. Raw denim narwhal id, flannel DIY McSweeney’s seitan. Letterpress artisan bespoke accusamus, meggings laboris consequat Truffaut qui in seitan. Sustainable cornhole Schlitz, twee Cosby sweater banh mi deep v forage letterpress flannel whatever keffiyeh. Sartorial cred irure, semiotics ethical sed blue bottle nihil letterpress.&lt;/p&gt;

&lt;p&gt;Occupy et selvage squid, pug brunch blog nesciunt hashtag mumblecore skateboard yr kogi. Ugh small batch swag four loko. Fap post-ironic qui tote bag farm-to-table american apparel scenester keffiyeh vero, swag non pour-over gentrify authentic pitchfork. Schlitz scenester lo-fi voluptate, tote bag irony bicycle rights pariatur vero Vice freegan wayfarers exercitation nisi shoreditch. Chambray tofu vero sed. Street art swag literally leggings, Cosby sweater mixtape PBR lomo Banksy non in pitchfork ennui McSweeney’s selfies. Odd Future Banksy non authentic.&lt;/p&gt;

&lt;p&gt;Aliquip enim artisan dolor post-ironic. Pug tote bag Marfa, deserunt pour-over Portland wolf eu odio intelligentsia american apparel ugh ea. Sunt viral et, 3 wolf moon gastropub pug id. Id fashion axe est typewriter, mlkshk Portland art party aute brunch. Sint pork belly Cosby sweater, deep v mumblecore kitsch american apparel. Try-hard direct trade tumblr sint skateboard. Adipisicing bitters excepteur biodiesel, pickled gastropub aute veniam.&lt;/p&gt;</content><author><name></name></author><category term="sample-post" /><category term="readability" /><category term="test" /><category term="intro" /><summary type="html">A ton of text to test readability.</summary></entry><entry><title type="html">Sample Post</title><link href="http://localhost:4000/articles/sample-post/" rel="alternate" type="text/html" title="Sample Post" /><published>2011-03-10T00:00:00-06:00</published><updated>2011-03-10T00:00:00-06:00</updated><id>http://localhost:4000/articles/sample-post</id><content type="html" xml:base="http://localhost:4000/articles/sample-post/">&lt;p&gt;Below is just about everything you’ll need to style in the theme. Check the source code to see the many embedded elements within paragraphs.&lt;/p&gt;

&lt;h1 id=&quot;heading-1&quot;&gt;Heading 1&lt;/h1&gt;

&lt;h2 id=&quot;heading-2&quot;&gt;Heading 2&lt;/h2&gt;

&lt;h3 id=&quot;heading-3&quot;&gt;Heading 3&lt;/h3&gt;

&lt;h4 id=&quot;heading-4&quot;&gt;Heading 4&lt;/h4&gt;

&lt;h5 id=&quot;heading-5&quot;&gt;Heading 5&lt;/h5&gt;

&lt;h6 id=&quot;heading-6&quot;&gt;Heading 6&lt;/h6&gt;

&lt;h3 id=&quot;body-text&quot;&gt;Body text&lt;/h3&gt;

&lt;p&gt;Lorem ipsum dolor sit amet, test link adipiscing elit. &lt;strong&gt;This is strong&lt;/strong&gt;. Nullam dignissim convallis est. Quisque aliquam.&lt;/p&gt;

&lt;p class=&quot;pull-right&quot;&gt;&lt;img src=&quot;http://localhost:4000/images/3953273590_704e3899d5_m.jpg&quot; alt=&quot;Smithsonian Image&quot; /&gt;&lt;/p&gt;

&lt;p&gt;&lt;em&gt;This is emphasized&lt;/em&gt;. Donec faucibus. Nunc iaculis suscipit dui. 53 = 125. Water is H&lt;sub&gt;2&lt;/sub&gt;O. Nam sit amet sem. Aliquam libero nisi, imperdiet at, tincidunt nec, gravida vehicula, nisl. The New York Times &lt;cite&gt;(That’s a citation)&lt;/cite&gt;. &lt;u&gt;Underline&lt;/u&gt;. Maecenas ornare tortor. Donec sed tellus eget sapien fringilla nonummy. Mauris a ante. Suspendisse quam sem, consequat at, commodo vitae, feugiat in, nunc. Morbi imperdiet augue quis tellus.&lt;/p&gt;

&lt;p&gt;HTML and &lt;abbr title=&quot;cascading stylesheets&quot;&gt;CSS&lt;abbr&gt; are our tools. Mauris a ante. Suspendisse quam sem, consequat at, commodo vitae, feugiat in, nunc. Morbi imperdiet augue quis tellus. Praesent mattis, massa quis luctus fermentum, turpis mi volutpat justo, eu volutpat enim diam eget metus.&lt;/abbr&gt;&lt;/abbr&gt;&lt;/p&gt;

&lt;h3 id=&quot;blockquotes&quot;&gt;Blockquotes&lt;/h3&gt;

&lt;blockquote&gt;
  &lt;p&gt;Lorem ipsum dolor sit amet, test link adipiscing elit. Nullam dignissim convallis est. Quisque aliquam.&lt;/p&gt;
&lt;/blockquote&gt;

&lt;h2 id=&quot;list-types&quot;&gt;List Types&lt;/h2&gt;

&lt;h3 id=&quot;ordered-lists&quot;&gt;Ordered Lists&lt;/h3&gt;

&lt;ol&gt;
  &lt;li&gt;Item one
    &lt;ol&gt;
      &lt;li&gt;sub item one&lt;/li&gt;
      &lt;li&gt;sub item two&lt;/li&gt;
      &lt;li&gt;sub item three&lt;/li&gt;
    &lt;/ol&gt;
  &lt;/li&gt;
  &lt;li&gt;Item two&lt;/li&gt;
&lt;/ol&gt;

&lt;h3 id=&quot;unordered-lists&quot;&gt;Unordered Lists&lt;/h3&gt;

&lt;ul&gt;
  &lt;li&gt;Item one&lt;/li&gt;
  &lt;li&gt;Item two&lt;/li&gt;
  &lt;li&gt;Item three&lt;/li&gt;
&lt;/ul&gt;

&lt;h2 id=&quot;tables&quot;&gt;Tables&lt;/h2&gt;

&lt;table class=&quot;table&quot;&gt;
  &lt;thead&gt;
    &lt;tr&gt;
      &lt;th style=&quot;text-align: left&quot;&gt;Header1&lt;/th&gt;
      &lt;th style=&quot;text-align: center&quot;&gt;Header2&lt;/th&gt;
      &lt;th style=&quot;text-align: right&quot;&gt;Header3&lt;/th&gt;
    &lt;/tr&gt;
  &lt;/thead&gt;
  &lt;tbody&gt;
    &lt;tr&gt;
      &lt;td style=&quot;text-align: left&quot;&gt;cell1&lt;/td&gt;
      &lt;td style=&quot;text-align: center&quot;&gt;cell2&lt;/td&gt;
      &lt;td style=&quot;text-align: right&quot;&gt;cell3&lt;/td&gt;
    &lt;/tr&gt;
    &lt;tr&gt;
      &lt;td style=&quot;text-align: left&quot;&gt;cell4&lt;/td&gt;
      &lt;td style=&quot;text-align: center&quot;&gt;cell5&lt;/td&gt;
      &lt;td style=&quot;text-align: right&quot;&gt;cell6&lt;/td&gt;
    &lt;/tr&gt;
  &lt;/tbody&gt;
  &lt;tbody&gt;
    &lt;tr&gt;
      &lt;td style=&quot;text-align: left&quot;&gt;cell1&lt;/td&gt;
      &lt;td style=&quot;text-align: center&quot;&gt;cell2&lt;/td&gt;
      &lt;td style=&quot;text-align: right&quot;&gt;cell3&lt;/td&gt;
    &lt;/tr&gt;
    &lt;tr&gt;
      &lt;td style=&quot;text-align: left&quot;&gt;cell4&lt;/td&gt;
      &lt;td style=&quot;text-align: center&quot;&gt;cell5&lt;/td&gt;
      &lt;td style=&quot;text-align: right&quot;&gt;cell6&lt;/td&gt;
    &lt;/tr&gt;
  &lt;/tbody&gt;
  &lt;tfoot&gt;
    &lt;tr&gt;
      &lt;td style=&quot;text-align: left&quot;&gt;Foot1&lt;/td&gt;
      &lt;td style=&quot;text-align: center&quot;&gt;Foot2&lt;/td&gt;
      &lt;td style=&quot;text-align: right&quot;&gt;Foot3&lt;/td&gt;
    &lt;/tr&gt;
  &lt;/tfoot&gt;
&lt;/table&gt;

&lt;h2 id=&quot;code-snippets&quot;&gt;Code Snippets&lt;/h2&gt;

&lt;p&gt;Syntax highlighting via Rouge&lt;/p&gt;

&lt;div class=&quot;language-css highlighter-rouge&quot;&gt;&lt;pre class=&quot;highlight&quot;&gt;&lt;code&gt;&lt;span class=&quot;nf&quot;&gt;#container&lt;/span&gt; &lt;span class=&quot;p&quot;&gt;{&lt;/span&gt;
  &lt;span class=&quot;nl&quot;&gt;float&lt;/span&gt;&lt;span class=&quot;p&quot;&gt;:&lt;/span&gt; &lt;span class=&quot;nb&quot;&gt;left&lt;/span&gt;&lt;span class=&quot;p&quot;&gt;;&lt;/span&gt;
  &lt;span class=&quot;nl&quot;&gt;margin&lt;/span&gt;&lt;span class=&quot;p&quot;&gt;:&lt;/span&gt; &lt;span class=&quot;m&quot;&gt;0&lt;/span&gt; &lt;span class=&quot;m&quot;&gt;-240px&lt;/span&gt; &lt;span class=&quot;m&quot;&gt;0&lt;/span&gt; &lt;span class=&quot;m&quot;&gt;0&lt;/span&gt;&lt;span class=&quot;p&quot;&gt;;&lt;/span&gt;
  &lt;span class=&quot;nl&quot;&gt;width&lt;/span&gt;&lt;span class=&quot;p&quot;&gt;:&lt;/span&gt; &lt;span class=&quot;m&quot;&gt;100%&lt;/span&gt;&lt;span class=&quot;p&quot;&gt;;&lt;/span&gt;
&lt;span class=&quot;p&quot;&gt;}&lt;/span&gt;
&lt;/code&gt;&lt;/pre&gt;
&lt;/div&gt;

&lt;p&gt;Non Rouge code example&lt;/p&gt;

&lt;div class=&quot;highlighter-rouge&quot;&gt;&lt;pre class=&quot;highlight&quot;&gt;&lt;code&gt;&amp;lt;div id=&quot;awesome&quot;&amp;gt;
    &amp;lt;p&amp;gt;This is great isn't it?&amp;lt;/p&amp;gt;
&amp;lt;/div&amp;gt;
&lt;/code&gt;&lt;/pre&gt;
&lt;/div&gt;

&lt;h2 id=&quot;buttons&quot;&gt;Buttons&lt;/h2&gt;

&lt;p&gt;Make any link standout more when applying the &lt;code class=&quot;highlighter-rouge&quot;&gt;.btn&lt;/code&gt; class.&lt;/p&gt;

&lt;div&gt;&lt;a href=&quot;#&quot; class=&quot;btn&quot;&gt;This is a button&lt;/a&gt;&lt;/div&gt;</content><author><name></name></author><category term="sample-post" /><summary type="html">Just about everything you'll need to style in the theme: headings, paragraphs, blockquotes, tables, code blocks, and more.</summary></entry></feed>